{"well":{"wellId":"3230035700","wellNumber":"357Номер","wellRadius":0.02,"trace":{"levelsCount":10,"levels":[[3.4114,-16.9799,-3.0756,2169.8606],[3.4078,-17.0499,-3.075,2177.77417],[3.4042,-17.1199,-3.0744,2185.6875],[3.4005,-17.1899,-3.0738,2193.60083],[3.3969,-17.2599,-3.0732,2201.51416],[3.3932,-17.3298,-3.0726,2209.42749],[3.3896,-17.3998,-3.072,2217.34082],[3.3859,-17.4698,-3.0714,2225.25439],[3.3823,-17.5398,-3.0708,2233.16748],[3.3787,-17.6098,-3.0702,2241.081]]},"geometry":{"surfaceFlag":"W","verticesCount":182,"facesCount":300,"vertices":[[3.4114,-16.9799,-3.0756],[3.3973,-16.9791,-3.0615],[3.4043,-16.9794,-3.057],[3.4125,-16.9798,-3.0557],[3.4205,-16.9802,-3.0578],[3.427,-16.9806,-3.063],[3.4307,-16.9809,-3.0705],[3.4312,-16.981,-3.0788],[3.4282,-16.9809,-3.0865],[3.4223,-16.9806,-3.0924],[3.4146,-16.9802,-3.0954],[3.4063,-16.9798,-3.0949],[3.3989,-16.9794,-3.0912],[3.3936,-16.9791,-3.0847],[3.3915,-16.9789,-3.0767],[3.3928,-16.9789,-3.0685],[3.3973,-16.9791,-3.0615],[3.4043,-16.9794,-3.057],[3.4125,-16.9798,-3.0557],[3.4205,-16.9802,-3.0578],[3.427,-16.9806,-3.063],[3.4307,-16.9809,-3.0705],[3.4312,-16.981,-3.0788],[3.4282,-16.9809,-3.0865],[3.4223,-16.9806,-3.0924],[3.4146,-16.9802,-3.0954],[3.4063,-16.9798,-3.0949],[3.3989,-16.9794,-3.0912],[3.3936,-16.9791,-3.0847],[3.3915,-16.9789,-3.0767],[3.3928,-16.9789,-3.0685],[3.3937,-17.0491,-3.0609],[3.4007,-17.0495,-3.0563],[3.4089,-17.05,-3.055],[3.4169,-17.0504,-3.0572],[3.4233,-17.0508,-3.0624],[3.4271,-17.051,-3.0698],[3.4275,-17.051,-3.0782],[3.4245,-17.0508,-3.0859],[3.4187,-17.0505,-3.0918],[3.4109,-17.0501,-3.0948],[3.4026,-17.0496,-3.0943],[3.3952,-17.0492,-3.0906],[3.39,-17.0489,-3.0841],[3.3879,-17.0488,-3.0761],[3.3892,-17.0488,-3.0678],[3.39,-17.119,-3.0603],[3.397,-17.1193,-3.0557],[3.4052,-17.1198,-3.0544],[3.4132,-17.1202,-3.0566],[3.4197,-17.1206,-3.0618],[3.4235,-17.1208,-3.0692],[3.4239,-17.1209,-3.0775],[3.4209,-17.1208,-3.0853],[3.415,-17.1206,-3.0912],[3.4073,-17.1202,-3.0942],[3.399,-17.1198,-3.0937],[3.3916,-17.1194,-3.0899],[3.3864,-17.119,-3.0835],[3.3842,-17.1189,-3.0754],[3.3855,-17.1189,-3.0672],[3.3864,-17.189,-3.0597],[3.3934,-17.1893,-3.0551],[3.4016,-17.1898,-3.0538],[3.4096,-17.1902,-3.056],[3.416,-17.1906,-3.0612],[3.4198,-17.1908,-3.0686],[3.4202,-17.1909,-3.0769],[3.4173,-17.1908,-3.0847],[3.4114,-17.1906,-3.0906],[3.4036,-17.1902,-3.0936],[3.3953,-17.1898,-3.0931],[3.3879,-17.1893,-3.0893],[3.3827,-17.189,-3.0829],[3.3806,-17.1888,-3.0748],[3.3819,-17.1888,-3.0666],[3.3828,-17.259,-3.059],[3.3897,-17.2593,-3.0545],[3.3979,-17.2597,-3.0532],[3.406,-17.2602,-3.0554],[3.4124,-17.2606,-3.0606],[3.4162,-17.2608,-3.068],[3.4166,-17.2609,-3.0763],[3.4136,-17.2608,-3.0841],[3.4077,-17.2606,-3.09],[3.4,-17.2602,-3.0929],[3.3917,-17.2598,-3.0925],[3.3843,-17.2593,-3.0887],[3.3791,-17.259,-3.0823],[3.3769,-17.2588,-3.0742],[3.3782,-17.2588,-3.066],[3.3791,-17.329,-3.0584],[3.3861,-17.3293,-3.0539],[3.3943,-17.3297,-3.0526],[3.4023,-17.3302,-3.0548],[3.4088,-17.3305,-3.06],[3.4125,-17.3308,-3.0674],[3.413,-17.3309,-3.0757],[3.41,-17.3308,-3.0835],[3.4041,-17.3306,-3.0894],[3.3963,-17.3302,-3.0923],[3.388,-17.3297,-3.0919],[3.3806,-17.3293,-3.0881],[3.3754,-17.329,-3.0817],[3.3733,-17.3288,-3.0736],[3.3746,-17.3288,-3.0654],[3.3755,-17.399,-3.0578],[3.3824,-17.3993,-3.0533],[3.3906,-17.3997,-3.052],[3.3987,-17.4001,-3.0542],[3.4051,-17.4005,-3.0594],[3.4089,-17.4008,-3.0668],[3.4093,-17.4009,-3.0751],[3.4063,-17.4008,-3.0829],[3.4004,-17.4005,-3.0888],[3.3927,-17.4002,-3.0917],[3.3844,-17.3997,-3.0913],[3.377,-17.3993,-3.0875],[3.3718,-17.399,-3.081],[3.3696,-17.3988,-3.073],[3.3709,-17.3988,-3.0648],[3.3718,-17.4697,-3.0572],[3.3788,-17.4697,-3.0527],[3.387,-17.4697,-3.0514],[3.395,-17.4697,-3.0536],[3.4015,-17.4697,-3.0588],[3.4053,-17.4698,-3.0662],[3.4057,-17.4698,-3.0745],[3.4027,-17.4699,-3.0823],[3.3968,-17.4699,-3.0881],[3.3891,-17.4699,-3.0911],[3.3807,-17.4699,-3.0907],[3.3733,-17.4699,-3.0869],[3.3681,-17.4699,-3.0804],[3.366,-17.4698,-3.0724],[3.3673,-17.4698,-3.0642],[3.3682,-17.5398,-3.0566],[3.3751,-17.54,-3.0521],[3.3833,-17.5402,-3.0508],[3.3914,-17.5403,-3.0529],[3.3978,-17.5403,-3.0582],[3.4016,-17.5402,-3.0656],[3.402,-17.5401,-3.0739],[3.3991,-17.5399,-3.0817],[3.3932,-17.5397,-3.0875],[3.3854,-17.5395,-3.0905],[3.3771,-17.5394,-3.0901],[3.3697,-17.5393,-3.0863],[3.3645,-17.5393,-3.0798],[3.3623,-17.5394,-3.0718],[3.3636,-17.5396,-3.0636],[3.3645,-17.6089,-3.056],[3.3715,-17.6093,-3.0515],[3.3797,-17.6097,-3.0502],[3.3877,-17.6101,-3.0523],[3.3942,-17.6105,-3.0576],[3.398,-17.6107,-3.065],[3.3984,-17.6108,-3.0733],[3.3954,-17.6108,-3.0811],[3.3895,-17.6105,-3.0869],[3.3818,-17.6101,-3.0899],[3.3735,-17.6097,-3.0895],[3.3661,-17.6093,-3.0857],[3.3609,-17.6089,-3.0792],[3.3587,-17.6088,-3.0712],[3.36,-17.6088,-3.063],[3.3645,-17.6089,-3.056],[3.3715,-17.6093,-3.0515],[3.3797,-17.6097,-3.0502],[3.3877,-17.6101,-3.0523],[3.3942,-17.6105,-3.0576],[3.398,-17.6107,-3.065],[3.3984,-17.6108,-3.0733],[3.3954,-17.6108,-3.0811],[3.3895,-17.6105,-3.0869],[3.3818,-17.6101,-3.0899],[3.3735,-17.6097,-3.0895],[3.3661,-17.6093,-3.0857],[3.3609,-17.6089,-3.0792],[3.3587,-17.6088,-3.0712],[3.36,-17.6088,-3.063],[3.3787,-17.6098,-3.0702]],